“»—-Ћоджистик, ќќќ;+7 (423) 2Ц614Ц888;¬ладивосток, “олстого,†32а;www.tis-logistic.ru;info@tis-logistic.ru
ƒ’Ћ »нтернешнл, јќ;+7 (423) 2Ц651Ц000;“орговый дом »гнат,¬ладивосток,  омсомольска€,†13;www.dhl.ru;vvostn@dhl.com
TNT;8Ц800Ц100Ц27Ц77, +7 (423) 261Ц08Ц87, +7 (423) 263Ц66Ц36;¬ладивосток, 100-лети€ ¬ладивостока проспект,†150;www.tnt.com;tnt@tnt.ru
–эйл “ранзит, ќќќ;+7 (423) 255Ц11Ц02;¬ладивосток, —трельникова,†5;railtransit.ru;info@railtransit.ru
јзи€ »нтер √рупп ƒ¬, ќќќ;+7 (423) 296Ц60Ц22, +7 (423) 256Ц32Ц18, +7 (423) 274Ц77Ц00;¬ладивосток,  рылова,†58;asia-dv.com;cherkashina@asia-dv.com
ѕрофит “ранс;+7 (423) 20Ц22Ц800, +7 (423) 20Ц22Ц801;¬ладивосток, —ветланска€,†66Ѕ;www.profit-trans.ru;info@profit-trans.ru
Ѕайкал;8Ц800Ц222Ц05Ц06;Ѕ÷ City-Hall,¬ладивосток, «апорожска€,†77;baikalvl.ru;asia@baikalvlad.ru
јльтерна;+7 (423) 265Ц09Ц83;√остиница ћеридиан,¬ладивосток, ќчаковска€,†5;www.alternadv.com;alternadv@gmail.com
ƒженерал Ћоджистик —ервис;+7 (4236) 61Ц32Ц72, +7Ц914Ц709Ц65Ц98;¬ладивосток;;gls@glservice.cc
UPS;+7 (423) 226Ц19Ц82;¬ладивосток, ¬ерхнепортова€,†12а;www.ups.com;
—ƒЁ ;8Ц800Ц250Ц04Ц05, +7 (423) 259Ц09Ц00, +7 (423) 275Ц53Ц58, +7 (423) 256Ц18Ц64;¬ладивосток, ѕушкинска€,†52;www.cdek.ru;e.pogreeva@cdek.ru
ƒ¬ “Ё ;+7 (423) 280Ц07Ц30;¬ладивосток, ‘адеева,†63а;www.dvtek.ru;vladoffice@dvtek.ru
“оварные рынки јзии;+7Ц914Ц709Ц05Ц52, +7Ц914Ц703Ц53Ц35, +7 (4236) 69Ц83Ц98, +7Ц950Ц281Ц75Ц66;Ќаходка (Ќаходкинский городской округ, ѕриморский†край);;v.m.zhavoronkin@gmail.com
ƒѕƒ;8Ц800Ц250Ц44Ц34, 8Ц800Ц234Ц45Ц95, 8Ц800Ц555Ц54Ц45, +7 (423) 279Ц01Ц94;¬ладивосток,  арьерна€,†20а лит 18;www.dpd.ru;
PONY EXPRESS;8Ц800Ц234Ц22Ц40, +7 (423) 279Ц10Ц00;¬ладивосток, ѕогранична€,†21;www.ponyexpress.ru;
—ѕ—–-Ё —ѕ–≈——, ќќќ;8Ц800Ц555Ц54Ц45, +7 (423) 294Ц82Ц63;¬ладивосток,  арьерна€,†20а лит 18;www.spsr.ru;
∆елƒорЁкспедици€;8Ц800Ц100Ц55Ц05, +7 (423) 278Ц98Ц66;¬ладивосток, —негова€,†34 лит ∆;www.jde.ru;
∆елдорјль€нс;+7Ц914Ц704Ц79Ц37, +7 (423) 260Ц66Ц83, +7 (423) 260Ц66Ц79, +7 (423) 260Ц66Ц84, +7 (423) 245Ц45Ц45;¬ладивосток, Ѕородинска€,†20а ст7;www.zhdalians.ru;infovlad@zhdalians.ru
Major Express;+7Ц924Ц232Ц07Ц75, +7 (423) 200Ц13Ц14;¬ладивосток, √огол€,†4;www.imexpress.ru;vladivostok@imexpress.ru
ѕримброкер, ќќќ;+7 (423) 261Ц13Ц27;¬ладивосток,  алинина,†231в к30;www.primbrokervl.ru;
“ранс онтейнер, ѕјќ;+7 (423) 2Ц245Ц376, +7 (423) 279Ц04Ц62, +7 (423) 279Ц04Ц61;¬ладивосток, —негова€,†54 ст5;www.trcont.ru;
ƒ’Ћ »нтернешнл, јќ;+7 (423) 2Ц651Ц000;¬ладивосток, —емЄновска€,†29;www.dhl.ru;vvostn@dhl.com
¬Ћ Ћоджистик, ќќќ;8Ц800Ц100Ц03Ц65, +7 (423) 221Ц40Ц50, +7 (423) 221Ц40Ц51;¬ладивосток, ћуравьЄва-јмурского,†1Ѕ;www.vl-logistic.ru;
ƒжапан јвто Ћайнс;+7 (423) 230Ц01Ц66, +7 (423) 230Ц01Ц65;¬ладивосток, “ургенева,†8;www.jalauto.ru;
ƒальневосточное морское пароходство, ѕјќ;+7 (423) 252Ц10Ц10, +7 (423) 252Ц10Ц43;¬ладивосток, јлеутска€,†15;www.fesco.ru;
ѕЁ ;+7 (423) 279Ц05Ц47, +7 (423) 279Ц01Ц72;јртем, ‘рунзе,†21 ст8;pecom.ru;
ƒј…ћЁ —;+7 (423) 243Ц38Ц98, +7 (423) 243Ц32Ц74, +7 (423) 243Ц26Ц53;¬ладивосток, —уханова,†3а;www.dimex.ws;
ќ√ј“, ќќќ;+7 (423) 236Ц26Ц00, +7 (423) 233Ц66Ц65, +7Ц984Ц198Ц08Ц31, +7Ц914Ц707Ц67Ц64;¬ладивосток, ƒнепровска€,†25;www.ogat.ru;
ƒиалог народов;+7 (423) 241Ц22Ц88, +7 (423) 275Ц41Ц56, +7 (423) 241Ц35Ц56, +7Ц914Ц705Ц41Ц56;¬ладивосток, —ветланска€,†9в;www.dialognarodov.ru;
јзи€“рейд;+7 (423) 262Ц02Ц94, +7 (423) 273Ц90Ц87, +7 (423) 291Ц58Ц60, +7Ц914Ц791Ц58Ц60, +7Ц904Ц703Ц90Ц87;¬ладивосток, ”боревича,†20а;www.asiatradedv.com;
ј“ѕ ѕриморье-јртем, ќќќ;+7 (423) 246Ц10Ц02, +7 (423) 246Ц10Ц04;јртем, Ќова€,†29;;
—ƒЁ ;8Ц800Ц250Ц04Ц05, +7 (423) 224Ц38Ц54, +7 (423) 224Ц36Ц88;¬ладивосток, ƒавыдова,†22а;www.cdek.ru;vlk2@cdek.ru
Ќью ¬эй Ћоджистик, ќќќ;+7 (423) 246Ц95Ц55, +7 (423) 273Ц32Ц42, +7 (423) 273Ц08Ц38, +7 (423) 279Ц55Ц66;¬ладивосток, ∆игура,†26а;www.newwaylogistic.ru;
Hyundai Merchant Marine Vladivostok;+7 (423) 20Ц10Ц150, +7 (423) 20Ц10Ц151;¬ладивосток, —ветланска€,†66Ѕ;www.hmm21.com;
ƒ¬ “Ё ;+7 (423) 227Ц83Ц77, +7Ц967Ц958Ц13Ц77;¬ладивосток, ‘адеева,†63а ст11;www.dvtek.ru;vladoffice@dvtek.ru
¬ладивостокска€ механизированна€ дистанци€ погрузочно-разгрузочных работ и коммерческих операций;+7 (423) 245Ц63Ц47, 8Ц800Ц775Ц00Ц00, +7 (423) 245Ц62Ц00;¬ладивосток, јмурска€,†88;www.rzd.ru;
ƒ¬Ћ , ќќќ;+7 (423) 244Ц78Ц70;¬ладивосток, ќстр€кова проспект,†8;;
¬осток ћультимодал —ервис, ќќќ;+7 (423) 265Ц29Ц39;¬ладивосток,  алинина,†204а;vms-vl.ru;
ћЅ». Mail Boxes Etc;+7 (423) 2Ц018Ц018, +7 (423) 2Ц014Ц018;јвтовокзал, ¬ладивосток, –усска€,†2а;www.mbedv.ru;
Sk-intercom;8Ц800Ц234Ц77Ц88, +7Ц924Ц233Ц98Ц97, +7Ц914Ц703Ц96Ц56;ќтель ¬ладивосток,¬ладивосток, Ќабережна€,†10;sk-intercom.ru;
√арант »нтермодал, ќќќ;+7 (423) 230Ц20Ц20;Ѕ÷ City-Hall,¬ладивосток, «апорожска€,†77;garant-intermodal.ru;
‘алькон √рупп, ќќќ;+7Ц914Ц704Ц75Ц00, +7 (423) 274Ц75Ц00;¬ладивосток,  омсомольска€,†1;falcon-logistic.ru;
‘арес, ќќќ;+7 (423) 202Ц52Ц92;¬ладивосток, ѕушкинска€,†40;fareslogistics.com;
ƒальрефтранс, ќќќ;+7 (423) 261Ц09Ц10, +7 (423) 222Ц53Ц63, +7 (423) 261Ц07Ц10;¬ладивосток, ћорозова,†7а;www.dalreftrans.ru;
ѕриморавтотранс, ѕјќ;+7 (423) 245Ц03Ц09, +7 (423) 245Ц03Ц45, +7 (423) 245Ц04Ц36, +7 (423) 245Ц02Ц40, +7 (423) 245Ц03Ц95;¬ладивосток,  омсомольска€,†7а;www.primoravtotrans.ru;
‘рахт, ќќќ;+7 (423) 278Ц00Ц01, +7 (423) 291Ц00Ц66;јртем, ѕестел€,†33;;
Ўерл;+7 (423) 2Ц610Ц669, +7 (423) 2Ц610Ц671;¬ладивосток, јлеутска€,†11;www.sherl.ru;
“‘Ћ, ќќќ;+7 (423) 230Ц20Ц02;¬ладивосток, —трельникова,†7;www.tflog.ru;
Ћэнд —ии —кай Ћоджистик, ќќќ;+7Ц914Ц718Ц00Ц69, +7Ц914Ц697Ц47Ц73;¬ладивосток, —ветланска€,†51а;www.lsslogistic.ru;
√“  ¬осток;8Ц800Ц775Ц97Ц68, +7 (423) 279Ц58Ц87;¬ладивосток, —емЄновска€,†29;www.gtkvostok.ru;
–∆ƒ Ћогистика, ќјќ;+7 (423) 294Ц82Ц70, 8Ц800Ц775Ц01Ц00, +7 (423) 294Ц82Ц90;ћорской вокзал,¬ладивосток, Ќижнепортова€,†1;www.rzdlog.ru;
ƒиалог народов;+7 (423) 277Ц12Ц13, +7 (423) 200Ц22Ц88;¬ладивосток, 100-лети€ ¬ладивостока проспект,†57д;www.dialognarodov.ru;
Sts Logistics Transport;+7 (423) 251Ц76Ц46, +7 (423) 251Ц23Ц12, 8Ц800Ц555Ц02Ц02;¬ладивосток, Ѕестужева,†21;stslog.com;
ћортэк-ƒ¬, ќќќ;+7Ц984Ц198Ц37Ц17, +7 (423) 249Ц73Ц78, +7 (423) 249Ц67Ц91;ћорской вокзал,¬ладивосток, Ќижнепортова€,†1;mortekdv.ru;
јльфа »мпорт, ќќќ;8Ц800Ц100Ц18Ц28, +7 (423) 222Ц92Ц82;¬ладивосток, ѕушкинска€,†40;www.alpha-import.ru;
Ѕайт “ранзит;+7 (423) 220Ц82Ц64, +7 (423) 220Ц81Ц86;¬ладивосток,  очубе€,†1;www.sibtrans.ru;vladivostok@sibtrans.ru
–оссЋоджистик, ќќќ;+7 (423) 230Ц23Ц34, +7 (423) 230Ц23Ц35;¬ладивосток,  ирова,†25а;www.rosslogistic.ru;
Ёстив, ќќќ;8Ц800Ц234Ц02Ц34, +7 (423) 2Ц302Ц999, +7 (423) 2Ц301Ц103;¬ладивосток, —трельникова,†9в;www.estiw.ru;
–ейл Ћоджистик, ќќќ;+7 (423) 241Ц07Ц90;¬ладивосток, “игрова€,†20;rail-logistic.ru;
¬илкон, ќќќ;+7 (423) 230Ц22Ц97, +7 (423) 230Ц22Ц96;¬ладивосток, Ќекрасовска€,†36Ѕ;www.vilkonusa.com;
¬Ё…-√рупп, ќќќ;+7 (423) 298Ц10Ц48;Ѕ÷ City-Hall,¬ладивосток, «апорожска€,†77;vladivostok.wayg.ru;
ѕерва€ грузова€ компани€, јќ;+7 (423) 224Ц78Ц63, +7 (423) 224Ц79Ц47, +7 (423) 224Ц79Ц53;Ѕ÷ Fresh Plaza,¬ладивосток, ќкеанский проспект,†17;www.pgkweb.ru;
–осс-¬ест, ќќќ;+7 (423) 234Ц58Ц75, +7 (423) 234Ц50Ц00;¬ладивосток, –усска€,†94а;www.acgrus.com;
ѕро-Ћог;+7 (423) 279Ц11Ц08, +7 (423) 279Ц11Ц07;¬ладивосток, —трельникова,†7;prlg.ru;
ƒальневосточный ÷ентр Ћогистики;+7 (423) 253Ц54Ц52, +7 (423) 2Ц412Ц820;¬ладивосток, јлеутска€,†11;двцл.рф;
ѕасифик “ранс, ќќќ;+7 (423) 275Ц08Ц86, +7 (423) 227Ц87Ц00, +7 (423) 274Ц71Ц72;¬ладивосток, 42-й причал,†1;pacifictrans.ru;
2K-line;8Ц800Ц775Ц30Ц84, +7Ц902Ц075Ц90Ц05;¬ладивосток, Ќекрасовска€,†36Ѕ;2k-line.ru;
јтлас, ќќќ;+7 (423) 2Ц301Ц767, +7 (423) 2Ц301Ц709, +7 (423) 2Ц301Ц711;¬ладивосток, —трельникова,†5;www.atlas-dv.com;
јрдис-‘орвардинг, ќќќ;+7 (423) 249Ц70Ц27, +7 (423) 279Ц11Ц28;¬ладивосток, —трельникова,†3Ѕ;arf.su;
¬“ ‘орвардинг, ќќќ;+7 (423) 2Ц215Ц133, +7 (423) 2Ц215Ц600, +7 (423) 2Ц215Ц108;¬ладивосток, ѕаллады,†3;vtforward.ru;
ёнико ¬осток, ќќќ;+7 (423) 249Ц56Ц22, +7 (423) 249Ц69Ц62;ћорской вокзал,¬ладивосток, Ќижнепортова€,†1;www.unicologx.com;
–∆ƒ Ћогистика, ќјќ;+7 (423) 294Ц82Ц70, 8Ц800Ц775Ц01Ц00, +7 (423) 294Ц82Ц90;¬ладивосток, јмурска€,†88 ст2;www.rzdlog.ru;
—илайнер;8Ц800Ц500Ц52Ц91, +7 (423) 222Ц85Ц50, +7 (423) 222Ц88Ц87, +7 (423) 220Ц51Ц19;¬ладивосток, Ћазо,†8;www.sea-liner.ru;
“ермокон √рупп, ќќќ;+7 (423) 220Ц03Ц70, +7 (423) 220Ц03Ц56;¬ладивосток, ∆игура,†26а;www.termocon.ru;
F.S. Mackenzie group;+7 (423) 262Ц04Ц05;¬ладивосток, јлеутска€,†15 ст2;www.fsmac.ru;
Ћотус √рупп, ќќќ;+7 (423) 248Ц85Ц27;¬ладивосток, ћусоргского,†46;lotus-groups.ru;
Ћодстар, ќќќ;+7 (423) 249Ц56Ц53, +7 (423) 249Ц56Ц54;¬ладивосток, —трельникова,†7;lodestar.vl.ru;
ћиллениум-¬;+7Ц914Ц719Ц37Ц89;¬ладивосток, —негова€,†1;millenium-v.ru;
Trans-NET International Logistic;+7 (423) 230Ц17Ц19;¬ладивосток, —трельникова,†5;;
»мпортэкс;+7 (423) 243Ц61Ц32;¬ладивосток, Ќекрасовска€,†53Ѕ;customs-service.com;
ƒальневосточна€ транспортна€ компани€;+7 (423) 200Ц16Ц59, +7 (423) 267Ц28Ц57;¬ладивосток, —негова€,†54;;
FORWARD ELEPHANTS;8Ц800Ц250Ц97Ц37;¬ладивосток,  рыгина,†77;www.forwel.net;
¬илар;+7Ц924Ц240Ц84Ц44;¬ладивосток,  омсомольска€,†1;tekvilar.ru;
“ранссервис, ќќќ;+7 (423) 241Ц12Ц08, +7 (423) 241Ц12Ц14, +7 (423) 241Ц15Ц80;¬ладивосток, ¬ерхнепортова€,†40а;www.tsvsvlad.ru;
 онстанта Ћоджистик, ќќќ;+7 (423) 243Ц37Ц12;Ѕ÷ ‘регат,¬ладивосток, —ветланска€,†78Ѕ;www.constlog.ru;
¬Ёƒ-Ѕизнес-сервис;+7 (423) 237Ц13Ц00, +7 (423) 267Ц12Ц25, +7 (423) 236Ц30Ц09;¬ладивосток, ќвчинникова,†2;lubogruz.ru;
ƒ’Ћ »нтернешнл, јќ;+7 (423) 2Ц651Ц000;¬ладивосток, –усска€,†59/4;www.dhl.ru;vvostn@dhl.com
 онсолидатор-ƒ¬, ќќќ;+7 (423) 279Ц57Ц07;¬ладивосток, Ѕестужева,†21а;consolidator-dv.ru;
“аможенный портал, ќќќ;+7 (423) 222Ц98Ц88;¬ладивосток, —ветланска€,†85;tamportal.ru;
West All;8Ц800Ц222Ц06Ц77, +7 (423) 226Ц20Ц26, +7 (423) 226Ц20Ц60, +7Ц914Ц703Ц89Ц05;¬ладивосток, —ветланска€,†109Ѕ;west-all.ru;
—истема, ќќќ;+7 (423) 264Ц88Ц66;Ѕ÷ City-Hall,¬ладивосток, «апорожска€,†77;systema-dv.ru;
—ƒћ-√рупп, ќќќ;8Ц800Ц100Ц01Ц59, +7 (423) 205Ц56Ц59;¬ладивосток, —трельникова,†3Ѕ;cdm-group.pro;
Ѕринкс, ќќќ;+7 (423) 279Ц02Ц59;¬ладивосток, “игрова€,†7;brinks.ru;
Ѕельсу Ћоджистикс;+7 (423) 221Ц57Ц00;¬ладивосток, —трельникова,†7;belsu.co;
ѕасифик —анрайз, ќќќ;+7 (423) 279Ц55Ц28, +7 (423) 279Ц55Ц27;¬ладивосток, јвроровска€,†20;;
¬осточна€;+7 (423) 2Ц590Ц906;¬ладивосток, Ѕестужева,†21а;;
—ƒЁ ;8Ц800Ц250Ц04Ц05, +7Ц962Ц338Ц58Ц80;¬ладивосток,  расного «намени проспект,†34;www.cdek.ru;v.mutovin@cdek.ru
»нтелтранском-ƒ¬, ќќќ;+7 (423) 237Ц20Ц82;¬ладивосток, »ртышска€,†12;www.inteltransdv.ru;
Nippon Express, LLC;+7 (423) 251Ц91Ц52;¬ладивосток, јлеутска€,†11;www.nipponexpressrus.ru;
јћ“-логистик, ќќќ;+7Ц914Ц705Ц20Ц94, +7 (423) 276Ц05Ц99;¬ладивосток,  рылова,†10;www.amtlog.ru;
“ранс ќриентал ѕартнер, ќќќ;+7 (423) 252Ц73Ц56;¬ладивосток, —танюковича,†52;www.top-logistic.ru;
¬Ћјƒ»¬ќ—“ќ — »… “ќ–√ћќ–“–јЌ—, ќќќ;8Ц800Ц234Ц12Ц55;¬ладивосток, —трельникова,†7;vtmt.org;
‘ронтера;8Ц800Ц234Ц47Ц47, +7 (423) 294Ц47Ц47;¬ладивосток, “олстого,†32а;frontera.me;
ƒальневосточна€ транспортна€ компани€;+7 (423) 200Ц16Ц59, +7 (423) 267Ц28Ц57;¬ладивосток, —негова€,†30;;
јѕ≈ —, ќќќ;+7 (423) 280Ц45Ц54;ћорской вокзал,¬ладивосток, Ќижнепортова€,†1;incustoms.ru;
јркос, ќќќ;+7 (423) 277Ц61Ц51, +7Ц924Ц438Ц86Ц27, +7Ц914Ц707Ц61Ц51;¬ладивосток, ћорска€ 1-€,†20;arkos-vl.ru;
ProGate;+7 (423) 279Ц57Ц62, +7Ц914Ц068Ц75Ц75, +7Ц914Ц068Ц72Ц72, +7Ц914Ц665Ц27Ц77;ќтель ¬ладивосток,¬ладивосток, Ќабережна€,†10;www.upgate.pro;
¬ћ  Ћайнерс, ќќќ;+7 (423) 2Ц964Ц964, +7 (423) 296Ц39Ц62;¬ладивосток, ¬ерхнепортова€,†41;osala.ru;
ƒјЋ№“Ё , ќќќ;+7Ц950Ц280Ц51Ц15, +7 (423) 244Ц26Ц13;¬ладивосток, —негова€,†64;daltek.info;
Ћог»ст, ќќќ;8Ц800Ц737Ц77Ц88, +7 (423) 200Ц88Ц88;¬ладивосток, —ип€гина,†20Ѕ;logeast.su;
ƒвижение ƒ¬, ќќќ;+7Ц924Ц338Ц88Ц77, +7 (423) 200Ц01Ц95;¬ладивосток, Ќефтеветка,†7в;dvidv.ru;
LOADWIN;+7Ц914Ц790Ц14Ц59;¬ладивосток;loadwinorg.com;
√лобал-“ранс, ќќќ;+7 (423) 252Ц04Ц51;¬ладивосток, —ветланска€,†66Ѕ;www.global-dv.ru;
¬эдком, ќќќ;+7Ц914Ц967Ц38Ц88, +7Ц914Ц705Ц88Ц80;¬ладивосток,  алинина,†42;www.vedcom.pro;
јƒ¬»јЌ;+7 (423) 279Ц57Ц99;¬ладивосток, ќстр€кова проспект,†5г;www.advian.ru;
јльтора “рейдинг √рупп;+7 (423) 270Ц05Ц93;¬ладивосток,  расного «намени проспект,†51а;www.atg-vl.ru;
ƒиалог народов;+7 (42337) 4Ц79Ц97;јртем,  ирова,†9/1;www.dialognarodov.ru;
Ћогистическа€ компани€;+7 (423) 222Ц27Ц10;Ѕ÷ ‘регат,¬ладивосток, —ветланска€,†78Ѕ;www.uni-laman.com;
 арго Ўиппинг √рупп;+7 (423) 265Ц35Ц56, +7Ц964Ц444Ц64Ц94;¬ладивосток, ћельниковска€,†101;www.cargo-shipping.ru;
“имакс, ќќќ;+7 (423) 222Ц85Ц01, +7 (423) 222Ц09Ц12, +7Ц924Ц735Ц04Ц00;¬ладивосток,  апитана Ўефнера,†2а;www.timax2000.ru;
¬эд“ранс—ервис, ќќќ;+7 (423) 230Ц10Ц90;¬ладивосток, —трельникова,†7;www.vedtransservis.com;
ћ—“ Ўиппинг —ервис;+7 (423) 255Ц02Ц21;¬ладивосток, “олстого,†32а;mctss.spb.ru;
»нтербридж “ранс, ќќќ;+7 (423) 280Ц41Ц15;¬ладивосток, —трельникова,†7;interbridge.su;
Ћайнер, ќќќ;+7 (423) 220Ц51Ц18, +7 (423) 222Ц88Ц87;¬ладивосток, Ћазо,†8;www.liner.ru;
÷еппелин, ќќќ;+7 (423) 279Ц55Ц33, +7 (423) 279Ц55Ц44;¬ладивосток, ћорска€ 1-€,†9;www.zppl.ru;
Ћоджистик Ћайн, ќќќ;+7 (423) 243Ц05Ц76, +7 (423) 243Ц65Ц30, +7 (423) 245Ц96Ц97, +7 (423) 243Ц66Ц00;¬ладивосток, ѕартизанский проспект,†42;www.logline.ru;
—ћѕ ¬Ћјƒ»¬ќ—“ќ , ќќќ;+7 (423) 249Ц78Ц28, +7 (423) 249Ц78Ц26, +7 (423) 277Ц09Ц11;¬ладивосток, ¬ерхнепортова€,†41;www.sascovl.ru;
¬ладивосток Ћогистик, ќќќ;+7 (423) 220Ц13Ц36, +7Ц904Ц627Ц99Ц30;¬ладивосток, ∆игура,†26;vlk-logistic.ru;
јвто »мпорт√рупп;+7Ц914Ц707Ц54Ц56, +7 (423) 227Ц73Ц07;¬ладивосток, ЅерЄзова€,†25;autoimportgroup.ru;
¬осточно-“ихоокеанский аль€нс, ќќќ;+7 (423) 276Ц66Ц00;¬ладивосток, ¬ерхнепортова€,†38;;
јзи€ »нтер √рупп;+7 (423) 264Ц98Ц98, +7 (423) 264Ц83Ц72;Ѕ÷ City-Hall,¬ладивосток, «апорожска€,†77;;
‘этком, ќќќ;+7Ц951Ц010Ц76Ц44, +7Ц904Ц628Ц72Ц05, +7 (423) 205Ц01Ц35;¬ладивосток, ѕушкинска€,†40;fetcom.net;
“ранслоджистикс, ќќќ;+7 (423) 2Ц511Ц056, +7 (423) 2Ц511Ц047;¬ладивосток, ¬ерхнепортова€,†76;www.translogistics.ru;
ќриент Ёкспресс, ќќќ;+7 (423) 251Ц44Ц44, +7 (423) 251Ц44Ц43, +7 (423) 251Ц48Ц48;¬ладивосток,  рыгина,†100;www.oriexp.ru;
ƒионис, ќќќ;+7 (423) 246Ц51Ц01;¬ладивосток,  арьерна€,†20а лит 7;www.dionisco.ru;
јлександер √лобал Ћоджистикс, Ќјќ;+7 (423) 249Ц54Ц39, +7Ц914Ц703Ц68Ц41;¬ладивосток,  омсомольска€,†3;alexander-logistics.ru;
ѕерва€ международна€ логистическа€ компани€, ќќќ;+7 (423) 228Ц14Ц02;¬ладивосток,  алинина,†107;;
Japex;8Ц800Ц707Ц99Ц89;¬ладивосток, Ѕосфора,†3 ст7;japex.ru;
ѕортЁкспресс-ƒ¬;+7 (423) 230Ц11Ц81, +7 (423) 230Ц11Ц77;¬ладивосток, —трельникова,†9;;
Ќоватор Ћоджистик;+7Ц914Ц336Ц04Ц61;¬ладивосток, —трельникова,†5;;
ј¬  √рупп;+7Ц902Ц524Ц01Ц20, +7 (423) 254Ц01Ц20;¬ладивосток, ƒальзаводска€,†27Ѕ;avkgroups.com;
¬осток-“ранс-Ћайн, ќќќ;+7 (423) 265Ц14Ц25, +7 (423) 265Ц14Ц23;¬ладивосток, Ќекрасовска€,†100;заказ-запчастей-24.рф;
ћеридиан Ћайн;+7Ц914Ц727Ц75Ц50, +7 (423) 201Ц18Ц10, +7 (423) 201Ц18Ц30;¬ладивосток, ѕушкинска€,†109;meridian-line.ru;
јльфа “ранзит, ќќќ;+7 (423) 230Ц17Ц06, +7Ц914Ц075Ц35Ц52, +7Ц914Ц704Ц11Ц15;¬ладивосток, —трельникова,†5;alfa-transit.com;
¬осток-—ервис, ќќќ;+7 (423) 243Ц92Ц84, +7Ц914Ц706Ц93Ц88;¬ладивосток, —негова€,†13д;www.vostok-servic.ru;
Ёс—иЁс-Ћогистик;+7 (423) 222Ц01Ц07, +7 (423) 222Ц01Ц71;¬ладивосток, ЅерЄзова€,†25;;
јзи€-¬осток, ќќќ;+7Ц914Ц213Ц22Ц81;Ѕ÷ City-Hall,¬ладивосток, «апорожска€,†77;asia-vostok.com;
—оюз-¬осток, ќќќ;+7Ц994Ц002Ц54Ц20;¬ладивосток;souzv.ru;
–устил-лоджистик, ќќќ;+7 (423) 2Ц41Ц30Ц26;¬ладивосток, ѕосьетска€,†45;www.rusteel.ru;
 аскади€ Ћайнс, ќќќ;+7 (423) 279Ц14Ц01, +7 (423) 202Ц50Ц88, +7 (423) 279Ц50Ц01;¬ладивосток, ќкеанский проспект,†70а ст2;www.casdil.ru;
CBS LTD;+7 (423) 2Ц302Ц302, +7 (423) 206Ц07Ц08;¬ладивосток, —трельникова,†12;cbs-dv.com;
ѕрофит-—ервис;+7 (423) 230Ц22Ц79, +7 (423) 279Ц10Ц46;¬ладивосток, —трельникова,†5;www.profit-service.ru;
јвтоколонна 1887, ќќќ;+7 (423) 236Ц59Ц16, +7 (423) 236Ц59Ц36, +7Ц914Ц790Ц88Ц81;¬ладивосток, ¬острецова,†38;;
“‘ћ;+7 (423) 249Ц51Ц51;¬ладивосток, Ћеонова,†27;www.tfm.su;
јвтотранспортна€ компани€;+7 (423) 257Ц87Ц96, +7 (423) 246Ц32Ц10, +7Ц914Ц964Ц07Ц23;¬ладивосток, —негова€,†13а;;
¬осток-«апад ƒ¬, ќќќ;+7 (423) 249Ц58Ц43, +7 (423) 291Ц86Ц64;¬ладивосток, —ип€гина,†20Ѕ;www.vostokzapad.biz;
√ермес;+7 (423) 250Ц57Ц06, +7 (423) 248Ц00Ц46;¬ладивосток, ¬олжска€,†1;www.germestrans.com;
“–јЌ—- , ќќќ;+7 (423) 200Ц14Ц19;¬ладивосток, ћордовцева,†3;;
ѕрим“орг»нвест, ќќќ;+7 (423) 249Ц90Ц23, +7 (423) 226Ц58Ц79;¬ладивосток, ƒальзаводска€,†21;;
ѕасифик “рейдинг √рупп, ќќќ;+7 (423) 260Ц60Ц09;¬ладивосток, јвроровска€,†17;pacific-tg.com;
Ёкспедитор;+7 (423) 251Ц06Ц88, +7 (423) 251Ц06Ц77, +7 (423) 272Ц30Ц77;¬ладивосток, ѕосьетска€,†10;www.expeditor-vl.ru;
¬“ ;+7 (423) 209Ц52Ц30, +7 (423) 209Ц52Ц31;¬ладивосток, ƒальзаводска€,†2 ст1;vtk-vl.ru;
јстралайн, ќќќ;+7 (423) 252Ц04Ц08, +7Ц924Ц124Ц02Ц54, +7Ц908Ц992Ц44Ц58;¬ладивосток, Ќижнепортова€,†4;www.astradv.ru;
ƒэл ар, ќќќ;+7 (423) 244Ц60Ц61, +7Ц914Ц679Ц92Ц77;¬ладивосток,  ругова€ 1-€,†25а;www.del-car.com;
ƒальневосточный ÷ентр Ћогистики и —ервиса, ќќќ;+7 (423) 270Ц20Ц20, +7 (423) 246Ц77Ц61, +7Ц914Ц790Ц20Ц20, +7Ц914Ц705Ц44Ц00, +7 (423) 246Ц77Ц03;¬ладивосток, –абоча€ 13-€,†12;www.dcls.ru;
ƒвижение ƒ¬, ќќќ;+7Ц996Ц424Ц11Ц11;¬ладивосток, ¬оенное Ўоссе,†39;;
«»ѕ Ћоджистик, ќќќ;+7 (423) 238Ц39Ц90;¬ладивосток, –ыбацка€,†48Ѕ;www.zip-log.ru;
IG Logistics;+7 (423) 248Ц51Ц88, +7 (423) 248Ц93Ц88;¬ладивосток, —танюковича,†1;;
 урган “ранс ƒ¬, ќќќ;+7Ц914Ц792Ц53Ц53, +7Ц914Ц711Ц22Ц46, +7 (423) 236Ц70Ц19;¬ладивосток, ƒнепровска€,†25;;
≈врази€ “рейдинг;+7 (423) 279Ц08Ц36;¬ладивосток,  рылова,†58;eurasia-ltd.ru;
ћайлс Ћоджистик, ќќќ;8Ц800Ц555Ц61Ц38, +7 (423) 230Ц17Ц22;¬ладивосток, —трельникова,†7;www.miles-logistic.ru;
јль€нс ¬осток, ќќќ;+7 (423) 237Ц81Ц64, +7Ц914Ц715Ц49Ц83;¬ладивосток,  арбышева,†20а;gbs.su;
“ихоокеанска€ Ћогистическа€ компани€, ќќќ;+7 (423) 230Ц11Ц92, +7Ц914Ц707Ц61Ц69, +7Ц914Ц707Ц63Ц62;¬ладивосток, ‘адеева,†49;tolkvl.ru;
“ехно¬лад, ќќќ;8Ц800Ц555Ц71Ц20, +7 (423) 251Ц18Ц53, +7 (423) 266Ц13Ц14;¬ладивосток,  рыгина,†89;technovlad.com;
“‘ћ;+7 (423) 249Ц51Ц51;¬ладивосток,  азанска€,†7;www.tfm.su;
“риада ƒ¬, ќќќ;+7 (423) 290Ц33Ц44, +7Ц902Ц505Ц23Ц43, +7 (423) 290Ц23Ц43;¬ладивосток, —негова€,†18 ст2;triadadv.ru;
ƒаль јвто Ѕир;+7 (423) 246Ц41Ц08, +7 (423) 256Ц07Ц28;¬ладивосток, —негова€,†11;;
¬иктранс;+7Ц924Ц230Ц32Ц56;¬ладивосток, ≈нисейска€,†3;;
‘≈“Ё —»ћ, «јќ;+7 (423) 249Ц71Ц41, +7 (423) 249Ц71Ц42, +7 (423) 249Ц71Ц44, +7 (423) 249Ц71Ц43;¬ладивосток, —трельникова,†3Ѕ;www.fetexim.ru;
јзимут-¬осток, ќќќ;+7Ц914Ц706Ц68Ц77, +7 (423) 249Ц58Ц66;¬ладивосток, —трельникова,†3Ѕ;www.azimut-vostok.ru;
јзимут-лоджистик, ќќќ;+7Ц964Ц447Ц07Ц08;¬ладивосток, ѕосадска€,†20;azimutlogistic.ru;
 имал, ќќќ;+7 (423) 295Ц47Ц74, +7Ц914Ц667Ц80Ц81, +7Ц914Ц340Ц27Ц00;¬ладивосток, Ѕородинска€,†20Ѕ;frank-dv.ru;
√ринЋайт;+7 (423) 279Ц14Ц12;¬ладивосток, ћорска€ 1-€,†20;grlight.ru;
«алив;8Ц800Ц700Ц41Ц50, +7 (423) 280Ц77Ц44, +7 (423) 272Ц35Ц41, +7Ц914Ц792Ц35Ц41;¬ладивосток, “игрова€,†7;www.zalivgroup.ru;
“рансэк-ƒ¬, ќќќ;+7 (423) 255Ц43Ц00, +7Ц902Ц555Ц43Ц00;¬ладивосток, —трельникова,†7;transecdv.ru;
¬лад арго;+7 (423) 271Ц30Ц07;¬ладивосток, ћорозова,†11Ѕ;ved082.wixsite.com;
ƒон Ћогистик, ќќќ;+7 (423) 249Ц75Ц87, +7 (423) 275Ц59Ц58, +7 (423) 267Ц97Ц27;¬ладивосток, —ип€гина,†20Ѕ;www.donlogistic.ru;
ƒвижение ƒ¬, ќќќ;+7Ц996Ц424Ц11Ц11;¬ладивосток, «аречна€,†47;;
»нтерлинкс, ќќќ;+7 (423) 261Ц14Ц46, +7 (423) 261Ц14Ц48, +7 (423) 261Ц14Ц49;¬ладивосток,  рыгина,†100;www.inli.ru;
«»ѕ Ћоджистик, ќќќ;+7 (423) 279Ц10Ц01;¬ладивосток, Ћеонова,†27;www.zip-log.ru;
ћ»√, ќќќ;+7 (423) 273Ц97Ц66, +7 (423) 274Ц12Ц38, +7 (423) 246Ц56Ц01, +7Ц914Ц703Ц97Ц66;¬ладивосток, —негова€,†4;mig-vl.ru;
WENS Global Services;8Ц800Ц777Ц04Ц12, +7 (423) 249Ц23Ц00;¬ладивосток, —трельникова,†3Ѕ;wens.global;
 олосс, ќќќ;+7Ц914Ц707Ц38Ц80;¬ладивосток, ¬ерхнепортова€,†76а;;
ƒ’Ћ »нтернешнл, јќ;+7 (423) 2Ц651Ц000;¬ладивосток, »вановска€,†19;www.dhl.ru;vvostn@dhl.com
ќриент јвто Ёкспресс;+7 (423) 270Ц65Ц42, +7Ц914Ц326Ц17Ц76, +7 (423) 251Ц48Ц48;¬ладивосток,  рыгина,†100;;
»нком, ќќќ;+7Ц908Ц440Ц74Ц13;¬ладивосток, ћагнитогорска€,†12Ѕ;;
¬ирго, ќќќ;+7 (423) 256Ц84Ц89;¬ладивосток,  омсомольска€,†3;virgo.com.ru;
»нко “ранс, ќќќ;+7 (423) 227Ц12Ц51, +7 (423) 227Ц41Ц33, +7 (423) 2Ц300Ц290;¬ладивосток,  алинина,†204а ст2;www.incotrans.ru;
»мпортер, ќќќ;+7 (423) 291Ц91Ц10, +7Ц914Ц680Ц71Ц70, +7 (423) 222Ц69Ц11;¬ладивосток,  арла Ћибкнехта,†14;www.importer25.ru;
“риада ƒ¬, ќќќ;+7Ц902Ц482Ц52Ц92;¬ладивосток, Ќестерова,†13;triadadv.ru;
ѕолома;+7Ц924Ц730Ц12Ц32, +7 (423) 234Ц88Ц63, +7 (423) 279Ц02Ц13, +7Ц914Ц966Ц52Ц92;¬ладивосток, —негова€,†98;www.poloma.ru;
¬Ћ , ќќќ;+7 (423) 271Ц59Ц89, +7Ц914Ц706Ц35Ц01;¬ладивосток, —негова€,†1 ст9;www.vl-container.ru;
“эсса Ћогистика, ќќќ;8Ц800Ц234Ц55Ц90, +7 (423) 255Ц05Ц90;¬ладивосток, ¬ыселкова€,†8а;www.tessa-sklad.com;
јмерикан Ћайн, ќќќ;+7 (423) 279Ц11Ц13;¬ладивосток, —трельникова,†5;;
—ƒЁ ;8Ц800Ц250Ц04Ц05, +7 (423) 250Ц20Ц15, +7 (423) 250Ц20Ц16, +7Ц908Ц440Ц20Ц15, +7Ц908Ц440Ц20Ц16;¬ладивосток, —ветланска€,†108Ѕ;www.cdek.ru;
ƒальрыбпорт, ќќќ;;¬ладивосток, 44-й причал,†1;;
—ј‘»– ƒ¬, ќќќ;+7 (423) 252Ц04Ц08;¬ладивосток, Ќижнепортова€,†4;www.safirdv.ru;
Ѕридж Ћоджистикс;+7 (423) 279Ц10Ц39;¬ладивосток, Ѕестужева,†35Ѕ;bridgelogistics.ru;
“ранспортна€ компани€ Ќ— , ќќќ;+7 (423) 249Ц52Ц96, +7Ц904Ц627Ц53Ц09, +7Ц964Ц446Ц74Ц79;¬ладивосток, ћорозова,†7а;world-nsk.ru;
—март √лобал Ћоджистикс, ќќќ;+7 (423) 255Ц17Ц20, +7Ц999Ц040Ц56Ц96;¬ладивосток, —танюковича,†1;sgl.su;
ёниверсал Ёкспресс;+7Ц914Ц650Ц90Ц51, +7 (423) 260Ц94Ц40;јдминистративно-торговый центр —танислав,¬ладивосток, Ќародный проспект,†11в;uer.pl;
ƒј— √ЋќЅјЋ Ћќƒ∆»—“» , ќќќ;+7 (423) 206Ц04Ц94;¬ладивосток, —ип€гина,†20Ѕ;www.dasglobal.ru;
ѕриморска€ √рузова€  омпани€, ќќќ;+7 (423) 273Ц21Ц19, +7 (423) 270Ц94Ц03;¬ладивосток, Ѕархатна€,†3;www.pgk-vl.com;
јривист, ќќќ;8Ц800Ц775Ц42Ц43, +7 (423) 261Ц46Ц01;¬ладивосток, —трельникова,†7;arivist.ru;
√рифон+, ќќќ;+7Ц914Ц791Ц25Ц07;¬ладивосток, ќстр€кова проспект,†8;www.grifonplus.ru;
јдмирал ћарин, ќќќ;+7 (423) 251Ц82Ц41, +7 (423) 241Ц23Ц11;¬ладивосток, “игрова€,†25;;
–уско “ранс, ќќќ;+7Ц950Ц297Ц01Ц01, +7 (423) 267Ц55Ц32;¬ладивосток,  алинина,†42/7;;
ѕартнер —ибири;8Ц800Ц500Ц74Ц06;¬ладивосток, —негова€,†54 ст6;www.partnersib.com;
“ранс √рупп Ћоджистик;+7Ц914Ц969Ц89Ц78;¬ладивосток, јлеутска€,†26;www.transgroupvl.ru;
–Ё…“–≈ ¬Ё—“.–”, ќќќ;+7Ц914Ц705Ц08Ц23;¬ладивосток, јвроровска€,†17;raterequest.ru;
“алисман, ќќќ;+7 (423) 245Ц04Ц71, +7 (423) 245Ц77Ц42;¬ладивосток,  расного «намени проспект,†10;www.talismandv.ru;
Ѕћ Ћогистикс ƒ¬;+7Ц950Ц280Ц16Ц69, +7 (423) 277Ц71Ц81;¬ладивосток, Ѕестужева,†21а;www.bml-dv.com;
VR-Logistic;+7 (423) 265Ц83Ц15, +7Ц902Ц524Ц37Ц18;¬ладивосток, Ѕестужева,†21;vr-logistic.ru;
“рансгрупп, ќќќ;+7 (423) 208Ц75Ц59, +7 (423) 784Ц81Ц01, +7Ц914Ц799Ц37Ц05;¬ладивосток,  расного «намени проспект,†59;transgroup-dv.com;
√ловелс;+7 (423) 265Ц82Ц72, +7Ц924Ц246Ц53Ц90, +7 (423) 254Ц72Ц64;¬ладивосток,  расного «намени проспект,†82в;glovels.ru;
ќриент-√рупп, ќќќ;+7 (423) 270Ц17Ц17;¬ладивосток, Ѕородинска€,†20;orientgroupdv.ru;
јгент- онтейнер, ќќќ;+7Ц914Ц069Ц54Ц98;¬ладивосток, —трельникова,†3а;www.agent-container.ru;
ёкон Ёксперт;+7 (423) 249Ц61Ц65;¬ладивосток, —трельникова,†3а;;
Logistica.CENTER;+7 (423) 200Ц22Ц45, +7Ц902Ц066Ц66Ц55;¬ладивосток, ∆игура,†26;;
јзи€-¬эд, ќќќ;+7 (423) 275Ц55Ц87;¬ладивосток, ЅерЄзова€,†21а;asiaved.com;
 ардинал, ќќќ;+7 (423) 251Ц51Ц11, +7 (423) 251Ц10Ц19, +7 (423) 265Ц34Ц45, +7Ц902Ц485Ц88Ц08, +7 (423) 248Ц89Ц99;¬ладивосток, ѕосадска€,†20;kardinal-vl.ru;
ѕрим Ћоджистик, ќќќ;+7 (423) 249Ц90Ц82, +7 (423) 274Ц71Ц51, +7 (423) 295Ц06Ц81;¬ладивосток, —негова€,†1 ст9;www.primlogistic.ru;
 ќЌ—јЋ“ »Ќ¬≈—“, ќќќ;+7Ц924Ц324Ц77Ц39;¬ладивосток, ћордовцева,†3;;
√ранит, «јќ;+7 (423) 242Ц36Ц35;¬ладивосток, ќстр€кова проспект,†5;;
√рифон+, ќќќ;+7Ц914Ц791Ц25Ц07;¬ладивосток, ‘анзавод,†1;www.grifonplus.ru;
√  ’абимпорт;8Ц800Ц250Ц36Ц55;¬ладивосток, —оюзна€,†28;khabimport.ru;info@khabimport.ru
јвто-ѕрофи;8Ц800Ц770Ц70Ц69, +7 (423) 245Ц47Ц62, +7 (423) 297Ц07Ц97, +7 (423) 245Ц46Ц70;¬ладивосток, јмурска€,†88 ст2;www.avto-profidv.ru;
ѕатриком, ќќќ;+7 (423) 272Ц22Ц55;¬ладивосток, Ўишкина,†3;;
FastLis;+7 (423) 275Ц03Ц11, +7Ц914Ц653Ц54Ц05;¬ладивосток;fastlis.ru;
√Ѕћ Ћогистик, ќќќ;+7 (423) 252Ц50Ц62, +7 (423) 290Ц06Ц88;¬ладивосток, јдмирала «ахарова,†5;www.gbmlogistic.com;
ƒавос-Ёкспресс, ќќќ;+7 (423) 230Ц22Ц46, +7 (423) 251Ц00Ц13;¬ладивосток, јвраменко,†17;www.davos-exspress.tiu.ru;
ƒаль“эк плюс, ќќќ;+7Ц914Ц790Ц30Ц03, +7 (423) 244Ц37Ц11, +7 (423) 243Ц36Ц75;¬ладивосток, —негова€,†90 к1;dv-transco.biz;
ј–ƒ»ћ логистик;+7 (423) 270Ц90Ц55;¬ладивосток, ћаньчжурска€,†16а;;
ѕерспектива-Ћогист, ќќќ;+7Ц908Ц996Ц13Ц51;¬ладивосток, Ќестерова,†13;;
 астом Ќавигатор;+7 (423) 249Ц55Ц42, +7Ц914Ц086Ц61Ц49;¬ладивосток, —трельникова,†3а;www.knavi.ru;
јтлант;+7 (423) 202Ц53Ц54, +7Ц950Ц285Ц24Ц39;¬ладивосток,  рыгина,†91;www.atlantvl.ru;
¬ладтрейд, ќќќ;+7 (423) 2Ц300Ц726;¬ладивосток,  ар€кинска€,†33;;
ё.Ћ.—., «јќ;+7 (423) 249Ц73Ц35;√остиница √авань,¬ладивосток,  рыгина,†3;www.logistictransport.ru;
ј“Ћ “рейдинг, ќќќ;+7 (423) 230Ц16Ц72;¬ладивосток, ”ткинска€,†19;www.atl-1.com;
ƒоннелл;+7 (423) 252Ц36Ц56, +7 (423) 257Ц99Ц84, +7Ц902Ц557Ц99Ц84;¬ладивосток, —ветланска€,†85;www.dnl-trans.com;
Logistica.CENTER;+7 (423) 200Ц22Ц45, +7Ц902Ц066Ц66Ц55;¬ладивосток, јлеутска€,†19;;
ѕрофјлмаз√рупп, ќќќ;+7Ц984Ц145Ц82Ц12;¬ладивосток, —негова€,†1 ст11;www.p-d-g.biz;
¬ладкарго, ќќќ;+7 (423) 299Ц22Ц33;¬ладивосток,  ирова,†25д;www.vladcargo.ru;
ƒальневосточна€ контейнерна€ компани€, ќќќ;+7 (423) 257Ц24Ц41;¬ладивосток, —негова€,†74;www.dalcont.ru;
–эйлком-ƒ¬;+7 (423) 251Ц99Ц44;¬ладивосток, ћорозова,†11Ѕ;railcom-dv.ru;
янтрус;+7Ц914Ц707Ц19Ц91;¬ладивосток;;
Ћ-Ѕрокс, ќќќ;+7Ц908Ц979Ц98Ц89, +7 (423) 243Ц48Ц29, +7 (423) 246Ц92Ц93;¬ладивосток,  омсомольска€,†9в;www.l-broks.ru;
 онтейнерјвтотранс;+7 (423) 234Ц28Ц30, +7 (423) 234Ц25Ц66;¬ладивосток, ƒнепровска€,†115;;
‘ордевинд Ћогистик;+7 (423) 273Ц16Ц04, +7 (423) 274Ц67Ц67, +7Ц914Ц703Ц16Ц04, +7Ц914Ц704Ц67Ц67;¬ладивосток,  рыгина,†91;fwind.su;
Ёл —и Ёл-¬осток √рупп, ќќќ;+7Ц914Ц705Ц66Ц67;¬ладивосток, ‘анзавод,†1 ст12;lcl-v.ru;
“  “≈–ћ»ЌјЋ, ќќќ;+7Ц902Ц524Ц57Ц87, +7 (423) 254Ц57Ц87;¬ладивосток, Ћесна€,†14а;тктерминал.рф;
ћ“ƒ ѕасифик Ѕридж, ќќќ;+7 (423) 220Ц75Ц71, +7 (423) 220Ц75Ц74;¬ладивосток,  арла Ћибкнехта,†14;wtcpacificbridge.com;
¬“ -“рейд;+7Ц950Ц289Ц99Ц02, +7 (423) 268Ц35Ц00, +7 (423) 268Ц38Ц08;¬ладивосток, ѕригородна€ 4-€,†5;www.vtk-trade.ru;
JoyDelivery;+7Ц914Ц321Ц28Ц79;¬ладивосток, ќкт€брьска€,†8;joyd.su;
Ќ -Ћќƒ∆»—“» , ќќќ;+7Ц914Ц075Ц90Ц29;¬ладивосток, Ѕестужева,†24а;;
ј “рэк, ќќќ;+7Ц914Ц700Ц68Ц91;¬ладивосток;;
Solid Trans;+7Ц914Ц713Ц49Ц79, +7Ц914Ц336Ц04Ц61;¬ладивосток, —трельникова,†5;;
Ёльбрус  арго;+7Ц964Ц430Ц16Ц49;¬ладивосток,  омсомольска€,†25Ѕ;www.elbrus-cargo.ru;
ƒ’Ћ »нтернешнл, јќ;+7 (423) 2Ц651Ц000;¬ладивосток, јдмирала ‘окина,†26а;www.dhl.ru;vvostn@dhl.com
—ƒЁ ;8Ц800Ц250Ц04Ц05, +7 (423) 201Ц44Ц10;¬ладивосток, ∆игура,†12;www.cdek.ru;e.bulatov@cdek.ru
—ƒЁ ;8Ц800Ц250Ц04Ц05, +7 (423) 201Ц23Ц88;¬ладивосток,  алинина,†42;www.cdek.ru;
—ƒЁ ;8Ц800Ц250Ц04Ц05, +7 (42337) 3Ц11Ц24, +7Ц914Ц324Ц89Ц48;јртем,  лючева€,†1/1;www.cdek.ru;art@cdek.ru
—ƒЁ ;8Ц800Ц250Ц04Ц05, +7 (423) 272Ц83Ц58;¬ладивосток, «ападна€,†29 ст8;www.cdek.ru;v.kvitko@cdek.ru
—ƒЁ ;8Ц800Ц250Ц04Ц05, +7 (423) 250Ц20Ц13, +7 (423) 250Ц20Ц14;√остиница √ранит,¬ладивосток,  отельникова,†13;www.cdek.ru;
